leaf_type,tree_type_count,percent
deciduous,12314,0.7554601226993864
evergreen,3986,0.2445398773006135
